game,round,player,signal,action,reactionTime
s1_g34,1,3,3,3,3167
s1_g34,1,0,3,5,7726
s1_g34,2,0,11,10,1287
s1_g34,2,3,11,13,1127
s1_g12,1,1,17,21,4463
s1_g34,3,3,7,10,2193
s1_g34,3,0,7,7,3546
s1_g34,4,0,10,10,2536
s1_g34,4,3,10,12,2688
s1_g12,1,0,17,20,13111
s1_g34,5,0,7,8,2595
s1_g34,5,3,7,9,4905
s1_g12,2,1,22,0,5116
s1_g34,6,0,10,11,4102
s1_g34,6,3,10,11,3553
s1_g12,2,0,22,23,11920
s1_g34,7,3,11,14,5003
s1_g34,7,0,11,13,6429
s1_g12,3,0,23,14,4361
s1_g12,3,1,23,1,7463
s1_g34,8,0,9,13,3055
s1_g34,8,3,9,11,2982
s1_g34,9,3,14,20,4569
s1_g12,4,0,21,1,7455
s1_g34,9,0,14,17,5141
s1_g12,4,1,21,0,6623
s1_g34,10,0,12,15,1927
s1_g34,10,3,12,15,2238
s1_g12,5,1,0,4,6360
s1_g12,5,0,0,4,8347
s1_g34,11,3,16,21,4621
s1_g34,11,0,16,20,4174
s1_g34,12,0,0,5,3639
s1_g12,6,0,18,18,3000
s1_g34,12,3,0,4,3903
s1_g34,13,0,18,23,2160
s1_g34,13,3,18,1,4365
s1_g12,6,1,18,22,15457
s1_g34,14,3,0,5,3745
s1_g34,14,0,0,5,6119
s1_g34,15,3,22,6,2922
s1_g34,15,0,22,5,4164
s1_g12,7,0,6,12,11258
s1_g12,7,1,6,9,12800
s1_g34,16,0,10,19,2608
s1_g34,16,3,10,5,3106
s1_g12,8,0,9,12,3936
s1_g12,8,1,9,9,5695
s1_g34,17,0,23,7,2442
s1_g34,17,3,23,10,3823
s1_g34,18,0,0,7,2008
s1_g34,18,3,0,8,2837
s1_g12,9,0,12,11,5187
s1_g12,9,1,12,15,9815
s1_g34,19,0,2,12,1298
s1_g34,19,3,2,11,2197
s1_g34,20,0,9,19,1968
s1_g34,20,3,9,19,3514
s1_g12,10,0,12,16,9680
s1_g12,10,1,12,13,10085
s1_g24,1,3,8,8,4710
s1_g12,11,0,11,12,3202
s1_g12,11,1,11,13,7607
s1_g12,12,1,12,16,4020
s1_g12,12,0,12,16,9168
s1_g12,13,0,6,10,7289
s1_g12,13,1,6,7,9704
s1_g12,14,1,12,14,4567
s1_g12,14,0,12,16,6457
s1_g12,15,1,22,1,5519
s1_g12,15,0,22,1,10022
s1_g12,16,0,4,8,4334
s1_g12,16,1,4,9,6785
s1_g12,17,0,1,6,6956
s1_g12,17,1,1,3,9935
s1_g12,18,0,10,15,5576
s1_g12,18,1,10,15,8706
s1_g12,19,0,11,14,6018
s1_g12,19,1,11,18,7111
s1_g12,20,1,10,14,6035
s1_g12,20,0,10,17,12839
s1_g13,1,1,12,16,3768
s1_g13,1,0,12,14,5605
s1_g13,2,0,12,18,848
s1_g13,2,1,12,18,6083
s1_g13,3,0,12,20,4072
s1_g13,3,1,12,23,7808
s1_g13,4,0,0,8,1463
s1_g13,4,1,0,12,5639
s1_g13,5,0,6,19,2334
s1_g13,5,1,6,20,5767
s1_g13,6,0,12,4,1287
s1_g13,6,1,12,5,7213
s1_g13,7,0,12,3,2727
s1_g13,7,1,12,15,7438
s1_g13,8,0,12,18,1880
s1_g13,8,1,12,22,10487
s1_g13,9,1,12,7,5304
s1_g13,9,0,12,2,5342
s1_g13,10,0,0,16,3999
s1_g13,10,1,0,6,12569
s1_g13,11,1,21,4,3368
s1_g13,11,0,21,6,2876
s1_g13,12,0,21,8,6400
s1_g13,12,1,21,11,6395
s1_g13,13,0,13,13,1784
s1_g13,13,1,13,4,9408
s1_g24,1,0,8,17,461
s1_g13,14,0,4,5,1112
s1_g24,2,3,6,15,3472
s1_g13,14,1,4,7,5063
s1_g24,2,0,6,10,4864
s1_g24,3,3,8,14,3607
s1_g24,3,0,8,12,4983
s1_g13,15,1,9,14,6679
s1_g13,15,0,9,11,5484
s1_g13,16,1,8,15,3695
s1_g13,16,0,8,8,5128
s1_g24,4,3,12,16,4400
s1_g24,4,0,12,16,6760
s1_g13,17,0,11,14,2262
s1_g24,5,0,12,18,3617
s1_g13,17,1,11,19,4928
s1_g24,5,3,12,18,4884
s1_g13,18,0,18,6,1960
s1_g24,6,3,9,15,3106
s1_g13,18,1,18,5,8462
s1_g24,6,0,9,13,16232
s1_g13,19,0,12,0,3654
s1_g13,19,1,12,19,7799
s1_g24,7,3,13,19,4299
s1_g24,7,0,13,16,5882
s1_g13,20,0,0,10,3335
s1_g13,20,1,0,16,5167
s1_g24,8,3,0,3,1676
s1_g24,8,0,0,5,13184
s1_g24,9,3,17,0,4916
s1_g24,9,0,17,23,7841
s1_g24,10,3,12,18,4059
s1_g24,10,0,12,19,10279
s1_g24,11,3,20,5,3884
s1_g24,11,0,20,2,3785
s1_g24,12,3,13,9,4643
s1_g24,12,0,13,22,7455
s1_g24,13,3,22,9,3016
s1_g24,13,0,22,3,3919
s1_g24,14,3,21,4,4244
s1_g24,14,0,21,12,5656
s1_g24,15,3,0,11,2743
s1_g24,15,0,0,6,5544
s1_g24,16,3,3,9,3988
s1_g24,16,0,3,8,10231
s1_g24,17,3,0,7,3895
s1_g24,17,0,0,23,12225
s1_g24,18,3,23,22,3996
s1_g24,18,0,23,4,6247
s1_g24,19,3,0,21,1136
s1_g24,19,0,0,9,10330
s1_g24,20,3,12,21,4345
s1_g24,20,0,12,19,10766
s1_g14,1,3,6,6,2220
s1_g14,1,0,6,11,6692
s1_g14,2,0,12,3,2631
s1_g14,2,3,12,17,4919
s1_g14,3,3,8,19,1980
s1_g14,3,0,8,11,3176
s1_g14,4,3,12,15,3559
s1_g14,4,0,12,19,5576
s1_g14,5,3,10,19,2858
s1_g14,5,0,10,16,3465
s1_g14,6,3,2,8,2137
s1_g14,6,0,2,15,8152
s1_g14,7,3,12,3,2174
s1_g14,7,0,12,6,1493
s1_g14,8,0,10,13,3176
s1_g14,8,3,10,18,2341
s1_g14,9,3,12,17,2276
s1_g14,9,0,12,8,1734
s1_g23,1,1,0,0,7392
s1_g14,10,3,1,7,1840
s1_g14,10,0,1,14,4321
s1_g14,11,3,13,4,1318
s1_g14,11,0,13,10,1493
s1_g14,12,0,15,23,3599
s1_g14,12,3,15,20,2039
s1_g14,13,3,15,1,4553
s1_g14,13,0,15,5,7160
s1_g14,14,0,12,12,3096
s1_g14,14,3,12,0,3477
s1_g14,15,3,19,19,1730
s1_g14,15,0,19,9,1621
s1_g14,16,0,2,19,2696
s1_g14,16,3,2,3,2154
s1_g14,17,3,23,18,2396
s1_g14,17,0,23,4,3928
s1_g14,18,3,0,5,2660
s1_g14,18,0,0,5,4872
s1_g14,19,3,1,8,2028
s1_g14,19,0,1,14,1681
s1_g14,20,3,19,8,1081
s1_g14,20,0,19,18,4888
s1_g23,1,0,0,4,4604
s1_g23,2,0,13,15,3511
s1_g23,2,1,13,19,3607
s1_g23,3,1,0,2,784
s1_g23,3,0,0,2,5193
s1_g23,4,0,6,10,6248
s1_g23,4,1,6,10,5443
s1_g23,5,1,6,12,1584
s1_g23,5,0,6,14,6579
s1_g23,6,1,4,5,4803
s1_g23,6,0,4,5,8944
s1_g23,7,1,4,8,3639
s1_g23,7,0,4,9,7185
s1_g23,8,1,7,14,2352
s1_g23,8,0,7,12,5591
s1_g23,9,1,6,16,5527
s1_g23,9,0,6,9,6840
s1_g23,10,1,18,22,2752
s1_g23,10,0,18,1,13504
s1_g23,11,1,0,8,2568
s1_g23,11,0,0,5,3099
s1_g23,12,0,0,6,5864
s1_g23,12,1,0,11,6307
s1_g23,13,1,0,8,1920
s1_g23,13,0,0,8,4296
s1_g23,14,1,6,15,4164
s1_g23,14,0,6,14,12438
s1_g23,15,1,0,10,3136
s1_g23,15,0,0,7,2204
s1_g23,16,0,6,9,4712
s1_g23,16,1,6,17,4240
s1_g23,17,1,6,8,6239
s1_g23,17,0,6,7,5447
s1_g23,18,0,9,13,3943
s1_g23,18,1,9,12,8239
s1_g23,19,1,0,4,1999
s1_g23,19,0,0,10,5570
s1_g23,20,1,23,6,5408
s1_g23,20,0,23,5,10271
s2_g34,1,3,20,20,4269
s2_g12,1,1,23,23,3255
s2_g12,1,0,23,1,5296
s2_g34,1,0,20,19,4757
s2_g12,2,1,15,16,4112
s2_g12,2,0,15,3,5168
s2_g34,2,3,8,11,4468
s2_g12,3,1,0,0,1799
s2_g34,2,0,8,6,10016
s2_g12,3,0,0,23,5934
s2_g34,3,3,23,7,3615
s2_g34,3,0,23,21,4182
s2_g12,4,1,12,13,5293
s2_g12,4,0,12,14,9919
s2_g34,4,0,15,17,4168
s2_g34,4,3,15,13,3978
s2_g34,5,3,1,5,3893
s2_g12,5,0,14,18,3117
s2_g12,5,1,14,14,5928
s2_g34,5,0,1,3,4477
s2_g12,6,0,8,9,3192
s2_g34,6,0,0,0,536
s2_g34,6,3,0,2,1090
s2_g12,6,1,8,9,5500
s2_g34,7,3,3,5,4805
s2_g34,7,0,3,3,2764
s2_g12,7,0,11,13,2669
s2_g12,7,1,11,11,4423
s2_g34,8,0,12,12,207
s2_g12,8,0,7,8,2096
s2_g34,8,3,12,14,2587
s2_g12,8,1,7,8,2399
s2_g34,9,3,3,3,2144
s2_g12,9,1,4,5,3182
s2_g12,9,0,4,5,3813
s2_g34,9,0,3,1,7441
s2_g12,10,0,6,8,5352
s2_g12,10,1,6,7,11334
s2_g34,10,0,16,14,975
s2_g34,10,3,16,17,3200
s2_g12,11,1,6,6,3352
s2_g12,11,0,6,9,2197
s2_g34,11,3,4,8,3765
s2_g34,11,0,4,5,2886
s2_g12,12,0,5,8,5960
s2_g12,12,1,5,6,6702
s2_g34,12,3,4,5,1466
s2_g34,12,0,4,6,3160
s2_g34,13,3,4,8,3271
s2_g12,13,0,2,3,4552
s2_g12,13,1,2,4,5232
s2_g34,13,0,4,7,3900
s2_g34,14,0,4,4,167
s2_g12,14,1,22,0,1648
s2_g12,14,0,22,23,2271
s2_g34,14,3,4,7,4720
s2_g12,15,1,1,3,1663
s2_g12,15,0,1,3,2758
s2_g34,15,3,6,8,1091
s2_g34,15,0,6,7,2496
s2_g12,16,1,7,8,1250
s2_g12,16,0,7,10,5856
s2_g34,16,0,6,9,3056
s2_g34,16,3,6,7,4836
s2_g12,17,1,3,3,1840
s2_g12,17,0,3,6,2123
s2_g34,17,3,6,11,3653
s2_g12,18,0,23,1,4231
s2_g34,17,0,6,10,9069
s2_g12,18,1,23,2,8297
s2_g34,18,3,7,11,1479
s2_g12,19,0,4,5,1541
s2_g34,18,0,7,13,6111
s2_g12,19,1,4,7,9343
s2_g34,19,3,6,14,4588
s2_g12,20,1,6,7,2301
s2_g34,19,0,6,9,6828
s2_g12,20,0,6,9,6671
s2_g34,20,0,6,6,1672
s2_g34,20,3,6,9,1966
s2_g24,1,3,9,9,2167
s2_g13,1,1,13,14,3464
s2_g13,1,0,13,12,4047
s2_g13,2,1,13,15,2015
s2_g13,2,0,13,15,4958
s2_g13,3,1,6,18,4416
s2_g13,3,0,6,6,9069
s2_g13,4,0,6,5,4209
s2_g13,4,1,6,8,9332
s2_g24,1,0,9,10,3509
s2_g13,5,0,6,9,6715
s2_g24,2,0,10,10,615
s2_g13,5,1,6,9,9087
s2_g24,2,3,10,11,4360
s2_g13,6,1,6,10,6209
s2_g13,6,0,6,6,7199
s2_g24,3,0,12,13,1034
s2_g24,3,3,12,12,4041
s2_g24,4,0,11,11,504
s2_g13,7,0,6,8,5257
s2_g24,4,3,11,12,4781
s2_g13,7,1,6,7,7664
s2_g24,5,0,15,16,1410
s2_g13,8,0,6,10,5560
s2_g24,5,3,15,15,4992
s2_g13,8,1,6,5,6543
s2_g24,6,0,12,12,312
s2_g24,6,3,12,13,3957
s2_g13,9,1,6,6,2439
s2_g13,9,0,6,6,6648
s2_g24,7,0,17,18,1219
s2_g24,7,3,17,17,3396
s2_g24,8,0,13,13,312
s2_g24,8,3,13,14,1792
s2_g13,10,1,6,6,5662
s2_g24,9,0,17,18,974
s2_g24,9,3,17,19,4432
s2_g13,10,0,6,6,11264
s2_g24,10,3,15,16,4646
s2_g13,11,1,7,7,5952
s2_g13,11,0,7,9,5309
s2_g24,10,0,15,18,8728
s2_g24,11,3,18,18,1236
s2_g24,11,0,18,19,1687
s2_g13,12,1,7,11,3221
s2_g13,12,0,7,6,7583
s2_g24,12,0,15,17,3280
s2_g24,12,3,15,16,2505
s2_g13,13,1,6,0,5488
s2_g24,13,3,21,1,3096
s2_g13,13,0,6,8,3092
s2_g24,13,0,21,0,7436
s2_g13,14,0,6,6,1943
s2_g13,14,1,6,10,3205
s2_g24,14,3,14,13,1012
s2_g13,15,0,6,7,1714
s2_g13,15,1,6,6,2920
s2_g24,14,0,14,15,5151
s2_g24,15,3,23,2,1805
s2_g13,16,0,6,4,1696
s2_g13,16,1,6,5,2050
s2_g24,15,0,23,0,2978
s2_g13,17,1,6,6,2448
s2_g13,17,0,6,8,4600
s2_g24,16,0,13,13,2944
s2_g24,16,3,13,14,2232
s2_g24,17,3,0,0,1746
s2_g13,18,1,18,6,2718
s2_g13,18,0,18,19,6265
s2_g24,17,0,0,3,13560
s2_g13,19,1,18,20,3936
s2_g24,18,0,15,17,3015
s2_g13,19,0,18,7,5117
s2_g24,18,3,15,16,1494
s2_g24,19,0,0,1,2025
s2_g13,20,0,12,14,1096
s2_g24,19,3,0,4,4618
s2_g13,20,1,12,1,4439
s2_g24,20,0,13,13,1088
s2_g24,20,3,13,14,2073
s2_g14,1,3,4,4,2183
s2_g14,1,0,4,6,4992
s2_g14,2,0,4,1,2839
s2_g14,2,3,4,6,4882
s2_g14,3,3,5,10,3725
s2_g14,3,0,5,4,4513
s2_g14,4,0,6,6,2879
s2_g14,4,3,6,9,2084
s2_g14,5,3,8,10,1790
s2_g14,5,0,8,9,4087
s2_g14,6,3,6,7,3501
s2_g14,6,0,6,11,6143
s2_g14,7,3,8,15,1193
s2_g14,7,0,8,13,2831
s2_g14,8,0,9,21,3608
s2_g14,8,3,9,14,3731
s2_g14,9,3,10,0,1628
s2_g14,9,0,10,1,2701
s2_g14,10,0,11,11,3280
s2_g14,10,3,11,22,4392
s2_g14,11,3,12,12,4840
s2_g14,11,0,12,15,4178
s2_g14,12,3,6,7,3129
s2_g14,12,0,6,0,5568
s2_g14,13,3,13,21,2373
s2_g14,13,0,13,20,2912
s2_g14,14,0,7,6,1592
s2_g14,14,3,7,14,1982
s2_g14,15,3,13,16,1130
s2_g14,15,0,13,5,1660
s2_g14,16,3,7,17,3139
s2_g14,16,0,7,17,4336
s2_g14,17,0,17,6,1306
s2_g14,17,3,17,5,3002
s2_g23,1,0,0,1,2797
s2_g23,1,1,0,23,4479
s2_g14,18,0,7,7,2576
s2_g23,2,0,11,11,615
s2_g14,18,3,7,20,4929
s2_g23,2,1,11,14,2842
s2_g23,3,1,6,6,1864
s2_g14,19,0,19,18,1669
s2_g23,3,0,6,7,2214
s2_g14,19,3,19,21,4959
s2_g23,4,0,10,10,856
s2_g23,4,1,10,11,993
s2_g14,20,3,12,15,1501
s2_g14,20,0,12,22,3680
s2_g23,5,1,6,6,4567
s2_g23,5,0,6,9,5173
s2_g23,6,0,12,12,2167
s2_g23,6,1,12,12,7872
s2_g23,7,1,6,8,3288
s2_g23,7,0,6,7,1680
s2_g23,8,0,11,11,808
s2_g23,8,1,11,14,1470
s2_g23,9,1,6,6,927
s2_g23,9,0,6,7,1427
s2_g23,10,0,11,11,680
s2_g23,10,1,11,12,2205
s2_g23,11,1,6,6,880
s2_g23,11,0,6,7,1229
s2_g23,12,0,11,11,383
s2_g23,12,1,11,12,1586
s2_g23,13,0,6,7,2286
s2_g23,13,1,6,6,3993
s2_g23,14,0,22,22,825
s2_g23,14,1,22,23,4318
s2_g23,15,1,15,15,184
s2_g23,15,0,15,16,3173
s2_g23,16,0,13,13,568
s2_g23,16,1,13,14,4194
s2_g23,17,1,1,1,753
s2_g23,17,0,1,2,2761
s2_g23,18,0,12,14,616
s2_g23,18,1,12,13,2572
s2_g23,19,1,4,7,6785
s2_g23,19,0,4,8,7402
s2_g23,20,0,12,12,543
s2_g23,20,1,12,11,991
s3_g34,1,3,1,1,1666
s3_g12,1,1,2,2,5871
s3_g12,1,0,2,3,4590
s3_g12,2,0,7,7,3376
s3_g34,1,0,1,4,5883
s3_g12,2,1,7,6,5397
s3_g12,3,1,10,2,2535
s3_g34,2,3,18,21,1913
s3_g12,3,0,10,9,5101
s3_g34,2,0,18,20,10312
s3_g34,3,3,2,6,3739
s3_g12,4,1,12,13,1588
s3_g12,4,0,12,12,4528
s3_g34,3,0,2,3,5262
s3_g12,5,1,12,22,3967
s3_g12,5,0,12,13,3440
s3_g34,4,3,9,10,1942
s3_g34,4,0,9,13,6111
s3_g12,6,0,23,16,4007
s3_g34,5,3,4,10,1699
s3_g12,6,1,23,12,6316
s3_g34,5,0,4,3,4658
s3_g12,7,1,23,12,3992
s3_g12,7,0,23,0,4286
s3_g34,6,3,12,15,3872
s3_g12,8,0,12,0,1862
s3_g12,8,1,12,13,1527
s3_g34,6,0,12,12,9192
s3_g12,9,1,12,0,1095
s3_g12,9,0,12,13,1692
s3_g34,7,0,5,5,2500
s3_g34,7,3,5,7,4655
s3_g12,10,1,0,1,1836
s3_g12,10,0,0,12,4695
s3_g34,8,3,2,4,4662
s3_g34,8,0,2,4,8527
s3_g12,11,1,2,2,1336
s3_g12,11,0,2,13,2711
s3_g34,9,0,6,8,2423
s3_g34,9,3,6,10,3953
s3_g12,12,1,0,1,1334
s3_g12,12,0,0,12,4264
s3_g34,10,3,14,16,4023
s3_g34,10,0,14,15,4736
s3_g12,13,1,12,11,1622
s3_g12,13,0,12,1,4567
s3_g34,11,3,8,11,1246
s3_g34,11,0,8,10,4678
s3_g12,14,0,12,0,2864
s3_g12,14,1,12,1,1895
s3_g34,12,0,3,8,3535
s3_g12,15,1,0,2,2983
s3_g34,12,3,3,5,4601
s3_g12,15,0,0,13,3349
s3_g34,13,3,11,18,1564
s3_g12,16,0,0,0,703
s3_g34,13,0,11,15,3293
s3_g12,16,1,0,1,3150
s3_g12,17,1,18,7,2775
s3_g12,17,0,18,19,1624
s3_g34,14,0,19,23,3704
s3_g34,14,3,19,23,4165
s3_g34,15,3,13,19,1008
s3_g34,15,0,13,17,3646
s3_g12,18,0,23,23,1607
s3_g12,18,1,23,20,2381
s3_g12,19,1,12,19,1744
s3_g34,16,3,0,4,3977
s3_g34,16,0,0,4,6247
s3_g12,19,0,12,1,4326
s3_g34,17,3,13,19,1557
s3_g34,17,0,13,18,2019
s3_g12,20,0,23,23,4096
s3_g12,20,1,23,13,4640
s3_g34,18,3,10,15,1492
s3_g34,18,0,10,13,4320
s3_g34,19,3,13,18,3887
s3_g34,19,0,13,19,4609
s3_g34,20,0,14,21,2136
s3_g34,20,3,14,20,1463
s3_g24,1,3,12,12,3434
s3_g24,1,0,12,13,1395
s3_g24,2,0,0,22,3400
s3_g24,2,3,0,1,3407
s3_g24,3,3,13,13,1176
s3_g24,3,0,13,13,2850
s3_g24,4,3,0,2,1792
s3_g24,4,0,0,2,3904
s3_g24,5,3,16,20,1624
s3_g24,5,0,16,17,5533
s3_g24,6,3,6,7,1084
s3_g24,6,0,6,6,3615
s3_g24,7,3,20,20,3878
s3_g24,7,0,20,20,4103
s3_g13,1,1,1,19,4047
s3_g24,8,0,12,0,1679
s3_g24,8,3,12,13,1832
s3_g24,9,3,22,1,2118
s3_g24,9,0,22,23,1274
s3_g24,10,3,12,13,1888
s3_g24,10,0,12,2,3195
s3_g24,11,0,0,13,2144
s3_g24,11,3,0,0,4986
s3_g24,12,3,12,1,3370
s3_g24,12,0,12,2,5432
s3_g13,1,0,1,5,4807
s3_g24,13,3,3,15,1788
s3_g24,13,0,3,1,2319
s3_g24,14,0,12,12,2687
s3_g13,2,0,18,23,5951
s3_g24,14,3,12,16,2408
s3_g13,2,1,18,5,7479
s3_g24,15,3,6,6,1664
s3_g24,15,0,6,21,2266
s3_g13,3,1,15,15,1552
s3_g13,3,0,15,23,3259
s3_g24,16,0,21,13,2262
s3_g24,16,3,21,12,4004
s3_g13,4,0,12,0,3503
s3_g13,4,1,12,13,3159
s3_g24,17,3,6,16,4568
s3_g24,17,0,6,7,4792
s3_g13,5,1,6,20,4447
s3_g13,5,0,6,10,3391
s3_g24,18,0,0,2,3983
s3_g24,18,3,0,1,3224
s3_g24,19,3,10,10,1727
s3_g13,6,0,3,16,2961
s3_g13,6,1,3,4,3418
s3_g24,19,0,10,14,6034
s3_g24,20,0,3,22,1496
s3_g13,7,1,13,6,2720
s3_g13,7,0,13,7,3994
s3_g24,20,3,3,7,4292
s3_g14,1,3,0,0,2931
s3_g13,8,0,18,4,7335
s3_g13,8,1,18,9,7401
s3_g13,9,1,23,23,4512
s3_g13,9,0,23,1,5091
s3_g13,10,0,10,16,3911
s3_g13,10,1,10,11,7787
s3_g13,11,0,1,3,5454
s3_g13,11,1,1,18,8863
s3_g13,12,0,8,19,4063
s3_g13,12,1,8,18,7768
s3_g13,13,0,0,1,2783
s3_g13,13,1,0,16,4992
s3_g13,14,0,14,6,3895
s3_g13,14,1,14,13,5609
s3_g13,15,1,3,17,1816
s3_g13,15,0,3,8,6789
s3_g13,16,1,13,14,2728
s3_g13,16,0,13,22,4440
s3_g13,17,1,11,11,2272
s3_g13,17,0,11,0,4510
s3_g13,18,0,9,11,3048
s3_g13,18,1,9,10,4876
s3_g13,19,0,23,1,2743
s3_g13,19,1,23,3,7953
s3_g13,20,1,5,14,2764
s3_g13,20,0,5,7,7319
s3_g23,1,0,14,15,2779
s3_g23,1,1,14,20,5054
s3_g23,2,0,0,14,3798
s3_g23,2,1,0,5,8382
s3_g23,3,1,13,22,4208
s3_g23,3,0,13,20,3729
s3_g23,4,0,10,0,2343
s3_g23,4,1,10,22,3002
s3_g23,5,0,7,23,4873
s3_g23,5,1,7,1,6455
s3_g23,6,0,0,0,1544
s3_g23,6,1,0,11,7574
s3_g14,1,0,0,1,2905
s3_g14,2,3,12,13,2521
s3_g14,2,0,12,23,3838
s3_g23,7,1,16,7,5720
s3_g23,7,0,16,1,5353
s3_g14,3,3,3,3,3142
s3_g23,8,0,23,12,2047
s3_g14,3,0,3,15,2333
s3_g23,8,1,23,1,4914
s3_g14,4,0,1,1,1023
s3_g14,4,3,1,13,4910
s3_g23,9,0,14,5,6330
s3_g23,9,1,14,3,8480
s3_g14,5,3,5,7,1358
s3_g14,5,0,5,7,4392
s3_g23,10,0,0,9,3680
s3_g23,10,1,0,2,4168
s3_g14,6,0,10,16,3846
s3_g14,6,3,10,12,3516
s3_g23,11,0,11,14,3098
s3_g14,7,3,7,15,4167
s3_g14,7,0,7,11,2985
s3_g23,11,1,11,0,6398
s3_g14,8,0,4,4,647
s3_g14,8,3,4,8,2130
s3_g23,12,0,0,6,3944
s3_g23,12,1,0,11,4474
s3_g14,9,0,10,11,3444
s3_g14,9,3,10,10,4753
s3_g23,13,1,18,18,4384
s3_g23,13,0,18,9,4378
s3_g14,10,3,0,1,1783
s3_g14,10,0,0,23,3473
s3_g14,11,3,14,15,3150
s3_g14,11,0,14,22,2565
s3_g23,14,0,18,20,2752
s3_g23,14,1,18,19,3927
s3_g14,12,0,9,9,719
s3_g14,12,3,9,17,3143
s3_g14,13,3,17,19,3764
s3_g14,13,0,17,18,2810
s3_g23,15,1,6,18,9936
s3_g23,15,0,6,19,11924
s3_g14,14,3,23,0,3824
s3_g14,14,0,23,8,7503
s3_g23,16,0,0,21,2407
s3_g23,16,1,0,1,3315
s3_g14,15,3,19,12,2680
s3_g14,15,0,19,23,4912
s3_g23,17,0,12,15,3733
s3_g23,17,1,12,9,5847
s3_g14,16,0,23,23,1992
s3_g23,18,0,0,0,1695
s3_g14,16,3,23,3,4541
s3_g23,18,1,0,21,10292
s3_g14,17,3,22,0,4856
s3_g14,17,0,22,1,5400
s3_g23,19,1,8,20,3008
s3_g14,18,0,13,10,4215
s3_g14,18,3,13,12,2505
s3_g23,19,0,8,21,4062
s3_g14,19,3,22,3,1238
s3_g23,20,0,12,21,3216
s3_g23,20,1,12,1,3533
s3_g14,19,0,22,2,9010
s3_g14,20,0,12,18,2520
s3_g14,20,3,12,10,1899
s4_g34,1,3,12,12,2980
s4_g34,1,0,12,11,2245
s4_g34,2,0,6,6,1327
s4_g34,2,3,6,9,4038
s4_g34,3,3,15,17,2287
s4_g12,1,1,12,14,6255
s4_g12,1,0,12,13,7416
s4_g34,3,0,15,16,5053
s4_g34,4,3,3,4,2373
s4_g34,4,0,3,5,5608
s4_g12,2,1,10,12,4562
s4_g12,2,0,10,14,9009
s4_g34,5,3,17,21,4655
s4_g34,5,0,17,20,4406
s4_g12,3,1,8,8,1975
s4_g34,6,3,6,9,2840
s4_g34,6,0,6,6,5544
s4_g12,3,0,8,9,11924
s4_g34,7,0,18,19,2739
s4_g34,7,3,18,20,3987
s4_g34,8,3,0,1,3578
s4_g12,4,1,1,2,2667
s4_g34,8,0,0,4,5783
s4_g34,9,3,19,5,2011
s4_g34,9,0,19,21,2177
s4_g12,4,0,1,3,18112
s4_g34,10,0,18,18,1800
s4_g34,10,3,18,20,1979
s4_g34,11,0,23,0,947
s4_g34,11,3,23,23,3989
s4_g12,5,1,18,21,5696
s4_g12,5,0,18,21,7660
s4_g34,12,0,0,2,1816
s4_g34,12,3,0,1,4939
s4_g34,13,3,3,7,1999
s4_g12,6,1,11,15,4735
s4_g34,13,0,3,2,1990
s4_g12,6,0,11,13,7391
s4_g34,14,0,6,6,1744
s4_g34,14,3,6,9,1383
s4_g12,7,1,6,9,3776
s4_g34,15,0,5,6,2335
s4_g12,7,0,6,9,5154
s4_g34,15,3,5,7,4993
s4_g34,16,0,6,6,3520
s4_g12,8,1,2,3,2390
s4_g34,16,3,6,7,1974
s4_g12,8,0,2,4,6215
s4_g34,17,0,7,9,1963
s4_g34,17,3,7,7,4008
s4_g12,9,1,9,14,5824
s4_g34,18,0,6,7,2343
s4_g34,18,3,6,8,4973
s4_g12,9,0,9,12,12994
s4_g34,19,0,10,12,1179
s4_g34,19,3,10,13,4007
s4_g12,10,1,14,15,2035
s4_g12,10,0,14,18,9144
s4_g34,20,0,0,0,927
s4_g34,20,3,0,2,3969
s4_g12,11,1,13,17,3616
s4_g12,11,0,13,14,4255
s4_g24,1,3,6,6,2995
s4_g12,12,0,11,13,3880
s4_g12,12,1,11,13,5514
s4_g12,13,1,11,13,7512
s4_g12,13,0,11,14,2529
s4_g12,14,0,6,10,3792
s4_g12,14,1,6,10,6719
s4_g12,15,0,0,3,8010
s4_g12,15,1,0,5,12529
s4_g12,16,0,10,12,2504
s4_g12,16,1,10,13,2491
s4_g12,17,1,6,11,3647
s4_g12,17,0,6,3,4565
s4_g12,18,1,9,10,3472
s4_g12,18,0,9,13,14639
s4_g12,19,1,2,5,3432
s4_g12,19,0,2,5,5732
s4_g12,20,1,23,3,3725
s4_g12,20,0,23,1,5816
s4_g24,1,0,6,9,3467
s4_g24,2,0,4,4,1127
s4_g24,2,3,4,7,2966
s4_g24,3,3,7,9,2545
s4_g24,3,0,7,8,4481
s4_g24,4,3,12,13,1976
s4_g24,4,0,12,15,4840
s4_g24,5,3,10,15,4003
s4_g24,5,0,10,15,7886
s4_g24,6,0,22,22,3751
s4_g24,6,3,22,3,3974
s4_g24,7,3,11,13,1374
s4_g24,7,0,11,12,1688
s4_g24,8,0,9,9,1295
s4_g24,8,3,9,10,3986
s4_g13,1,0,0,1,4907
s4_g13,1,1,0,0,8023
s4_g24,9,0,15,16,1145
s4_g24,9,3,15,15,4520
s4_g13,2,0,6,6,1831
s4_g13,2,1,6,9,5574
s4_g24,10,0,0,0,5703
s4_g24,10,3,0,1,4976
s4_g13,3,1,7,7,3943
s4_g13,3,0,7,10,3802
s4_g13,4,0,6,6,311
s4_g24,11,3,19,19,4996
s4_g13,4,1,6,7,6961
s4_g24,11,0,19,22,7014
s4_g13,5,0,9,10,1237
s4_g24,12,0,18,19,7200
s4_g24,12,3,18,21,4957
s4_g13,5,1,9,11,8983
s4_g13,6,0,6,6,463
s4_g13,6,1,6,12,21
s4_g24,13,3,21,0,4003
s4_g24,13,0,21,2,5199
s4_g13,7,0,8,10,1252
s4_g13,7,1,8,8,8400
s4_g24,14,0,23,2,3887
s4_g24,14,3,23,3,4988
s4_g13,8,0,0,0,2856
s4_g13,8,1,0,3,5695
s4_g24,15,3,1,0,4001
s4_g24,15,0,1,6,4975
s4_g13,9,0,6,7,1106
s4_g13,9,1,6,10,6456
s4_g24,16,3,9,14,1985
s4_g13,10,0,12,12,3199
s4_g24,16,0,9,11,6048
s4_g13,10,1,12,15,6637
s4_g24,17,3,5,9,4506
s4_g13,11,0,9,10,1046
s4_g13,11,1,9,11,3231
s4_g24,17,0,5,8,6822
s4_g13,12,0,0,0,208
s4_g13,12,1,0,1,2021
s4_g24,18,0,20,20,1983
s4_g13,13,0,8,9,1151
s4_g24,18,3,20,23,4984
s4_g13,13,1,8,10,4048
s4_g24,19,3,5,7,2004
s4_g24,19,0,5,5,2817
s4_g13,14,0,0,2,2144
s4_g13,14,1,0,1,3792
s4_g24,20,0,3,2,3544
s4_g24,20,3,3,5,2980
s4_g14,1,3,2,2,1997
s4_g13,15,1,6,10,5376
s4_g13,15,0,6,10,4884
s4_g13,16,0,0,4,3424
s4_g13,16,1,0,1,3663
s4_g13,17,1,9,11,3176
s4_g13,17,0,9,14,7977
s4_g13,18,0,0,2,1592
s4_g13,18,1,0,3,7933
s4_g13,19,0,8,10,1143
s4_g13,19,1,8,10,5328
s4_g13,20,0,6,10,3072
s4_g13,20,1,6,7,31783
s4_g14,1,0,2,3,25993
s4_g14,2,0,6,6,3743
s4_g14,2,3,6,7,2988
s4_g14,3,3,6,6,4000
s4_g14,3,0,6,8,20593
s4_g14,4,3,8,10,2760
s4_g14,4,0,8,10,4567
s4_g14,5,3,6,10,4752
s4_g14,5,0,6,9,7043
s4_g14,6,3,8,11,1969
s4_g23,1,1,6,6,1343
s4_g23,1,0,6,7,6479
s4_g14,6,0,8,12,17807
s4_g23,2,1,0,1,1267
s4_g14,7,3,10,16,4993
s4_g23,2,0,0,0,3127
s4_g23,3,1,6,6,168
s4_g23,3,0,6,8,5020
s4_g14,7,0,10,12,15418
s4_g23,4,0,11,11,1175
s4_g23,4,1,11,12,1197
s4_g14,8,3,11,13,1985
s4_g23,5,1,18,18,183
s4_g23,5,0,18,19,1340
s4_g23,6,0,0,0,1656
s4_g23,6,1,0,1,1012
s4_g14,8,0,11,17,21175
s4_g23,7,1,6,6,160
s4_g23,7,0,6,7,1917
s4_g14,9,3,10,18,3064
s4_g23,8,1,9,10,889
s4_g23,8,0,9,9,1063
s4_g14,9,0,10,15,9495
s4_g23,9,1,2,2,1063
s4_g23,9,0,2,3,2081
s4_g14,10,3,6,11,1982
s4_g23,10,0,6,6,976
s4_g23,10,1,6,7,1071
s4_g14,10,0,6,6,9751
s4_g23,11,1,6,6,184
s4_g23,11,0,6,7,2482
s4_g14,11,3,13,13,3007
s4_g14,11,0,13,17,3695
s4_g23,12,0,18,18,857
s4_g23,12,1,18,19,1109
s4_g23,13,1,0,0,192
s4_g14,12,3,12,16,4985
s4_g23,13,0,0,2,4131
s4_g14,12,0,12,16,9496
s4_g23,14,1,19,20,1242
s4_g23,14,0,19,19,1976
s4_g14,13,3,13,19,4009
s4_g23,15,1,6,6,745
s4_g23,15,0,6,7,3727
s4_g14,13,0,13,18,20564
s4_g23,16,1,0,1,1101
s4_g23,16,0,0,3,4184
s4_g23,17,1,0,0,185
s4_g14,14,3,9,14,4994
s4_g23,17,0,0,1,7561
s4_g23,18,0,8,8,1639
s4_g23,18,1,8,9,1069
s4_g14,14,0,9,17,18904
s4_g23,19,1,6,6,160
s4_g14,15,3,17,3,1996
s4_g23,19,0,6,8,3299
s4_g14,15,0,17,18,4320
s4_g23,20,1,14,13,2284
s4_g23,20,0,14,17,4697
s4_g14,16,3,10,11,4653
s4_g14,16,0,10,18,13128
s4_g14,17,0,20,23,3221
s4_g14,17,3,20,20,3992
s4_g14,18,0,12,15,4095
s4_g14,18,3,12,15,3683
s4_g14,19,3,0,5,2995
s4_g14,19,0,0,3,4445
s4_g14,20,3,7,10,3975
s4_g14,20,0,7,9,4855
s5_g34,1,3,6,6,5008
s5_g12,1,1,13,13,3368
s5_g12,1,0,13,14,3033
s5_g34,1,0,6,0,8419
s5_g34,2,3,12,20,1970
s5_g12,2,1,0,1,2204
s5_g12,2,0,0,0,3040
s5_g34,2,0,12,6,9512
s5_g12,3,1,8,8,3055
s5_g34,3,3,10,18,3004
s5_g34,3,0,10,13,2928
s5_g12,3,0,8,10,10958
s5_g34,4,3,2,5,3972
s5_g34,4,0,2,23,8135
s5_g12,4,0,6,8,5400
s5_g12,4,1,6,9,7493
s5_g34,5,3,12,11,3008
s5_g12,5,1,11,11,4424
s5_g34,5,0,12,12,9520
s5_g12,5,0,11,12,6632
s5_g34,6,3,7,9,3982
s5_g34,6,0,7,13,5192
s5_g12,6,1,13,14,2222
s5_g12,6,0,13,15,5160
s5_g34,7,3,13,21,2004
s5_g34,7,0,13,16,4544
s5_g12,7,1,11,11,6064
s5_g12,7,0,11,12,15895
s5_g34,8,0,5,5,5120
s5_g34,8,3,5,8,4984
s5_g34,9,0,17,22,3050
s5_g34,9,3,17,19,5000
s5_g12,8,0,21,23,6256
s5_g12,8,1,21,0,7030
s5_g34,10,3,12,17,4982
s5_g34,10,0,12,19,10232
s5_g12,9,0,5,6,5211
s5_g12,9,1,5,7,10015
s5_g34,11,3,18,3,4999
s5_g12,10,1,9,10,1709
s5_g34,11,0,18,16,5849
s5_g34,12,3,6,10,1972
s5_g34,12,0,6,6,5351
s5_g12,10,0,9,12,19799
s5_g34,13,3,19,21,5001
s5_g34,13,0,19,0,6006
s5_g12,11,1,4,6,8249
s5_g34,14,3,15,16,2969
s5_g34,14,0,15,19,6831
s5_g12,11,0,4,5,22899
s5_g34,15,3,20,2,3992
s5_g34,15,0,20,1,6511
s5_g34,16,3,14,11,2964
s5_g12,12,1,20,23,7781
s5_g12,12,0,20,0,11326
s5_g34,16,0,14,18,7272
s5_g34,17,3,21,3,2869
s5_g34,17,0,21,3,4473
s5_g12,13,1,13,15,9104
s5_g12,13,0,13,16,8411
s5_g34,18,3,10,6,2434
s5_g34,18,0,10,22,6479
s5_g12,14,1,11,12,2221
s5_g12,14,0,11,16,8319
s5_g34,19,3,1,15,4962
s5_g34,19,0,1,1,8104
s5_g12,15,1,6,10,4495
s5_g34,20,3,18,2,2564
s5_g34,20,0,18,6,7215
s5_g12,15,0,6,8,18009
s5_24,1,3,3,3,3945
s5_g12,16,0,12,12,2656
s5_g12,16,1,12,15,8327
s5_g12,17,1,7,9,16656
s5_g12,17,0,7,10,26003
s5_g12,18,1,0,1,1601
s5_g12,18,0,0,0,2984
s5_g12,19,1,10,10,9110
s5_g12,19,0,10,12,8826
s5_g12,20,1,8,9,2350
s5_g12,20,0,8,10,20055
s5_g13,1,1,0,0,2752
s5_g13,1,0,0,0,4230
s5_g13,2,0,18,6,1936
s5_g13,2,1,18,19,14318
s5_g13,3,0,12,8,3376
s5_g13,3,1,12,14,6048
s5_g13,4,0,21,12,3472
s5_g13,4,1,21,22,14737
s5_g13,5,1,0,0,2647
s5_g13,5,0,0,4,2981
s5_g13,6,1,19,7,2983
s5_g13,6,0,19,1,11736
s5_g13,7,1,11,13,4951
s5_g13,7,0,11,23,6487
s5_g13,8,1,7,20,3112
s5_g13,8,0,7,11,9278
s5_g13,9,1,11,23,2088
s5_g13,9,0,11,10,3944
s5_g13,10,1,17,18,2705
s5_g13,10,0,17,7,7055
s5_g13,11,0,7,23,12397
s5_g13,11,1,7,9,12776
s5_g13,12,0,14,14,9927
s5_g13,12,1,14,14,11612
s5_g13,13,0,9,12,5095
s5_g13,13,1,9,8,9312
s5_g13,14,1,13,21,2337
s5_g13,14,0,13,17,11615
s5_g13,15,0,9,14,4977
s5_g13,15,1,9,9,9207
s5_g13,16,1,15,23,4777
s5_g13,16,0,15,14,6672
s5_g13,17,1,9,9,1736
s5_g13,17,0,9,21,6482
s5_g13,18,1,17,18,5020
s5_g13,18,0,17,7,9543
s5_g13,19,1,12,12,3824
s5_g13,19,0,12,16,6724
s5_g24,1,0,4,7,19761
s5_g13,20,0,9,23,3679
s5_g13,20,1,9,8,4348
s5_g24,1,3,1,1,2290
s5_g24,2,3,6,12,1987
s5_g24,2,0,6,14,5713
s5_g24,3,3,3,13,2005
s5_g24,3,0,3,4,2407
s5_g24,4,0,9,15,2223
s5_g24,4,3,9,10,1978
s5_g24,5,0,5,6,1432
s5_g24,5,3,5,13,4005
s5_g24,6,0,23,10,2903
s5_g24,6,3,23,0,3991
s5_g24,7,0,6,7,975
s5_g24,7,3,6,21,5003
s5_g24,8,0,1,13,1976
s5_g24,8,3,1,2,2976
s5_g24,9,0,7,8,3022
s5_g24,9,3,7,7,4000
s5_g24,10,3,0,1,1977
s5_g24,10,0,0,5,9992
s5_g24,11,3,9,9,1992
s5_g24,11,0,9,10,2288
s5_g24,12,0,21,5,2376
s5_g24,12,3,21,22,3981
s5_g23,1,1,12,14,2079
s5_g24,13,0,12,13,1036
s5_g24,13,3,12,6,3008
s5_g24,14,0,2,4,2823
s5_g24,14,3,2,3,2971
s5_g24,15,0,16,10,1855
s5_g24,15,3,16,20,5003
s5_g24,16,0,2,4,1240
s5_g24,16,3,2,10,1327
s5_g24,17,3,20,5,1995
s5_g24,17,0,20,21,3371
s5_g24,18,0,12,2,1152
s5_g24,18,3,12,13,1978
s5_14,1,3,1,1,2520
s5_g24,19,0,21,22,1200
s5_g24,19,3,21,3,4999
s5_g24,20,3,9,10,1991
s5_g24,20,0,9,11,10471
s5_g23,1,0,12,15,2678
s5_g23,2,1,9,9,1299
s5_g23,2,0,9,9,5168
s5_g14,1,3,9,9,4866
s5_g23,3,1,19,1,4072
s5_g23,3,0,19,17,5061
s5_g14,1,0,9,10,17025
s5_g23,4,1,4,8,2259
s5_g23,4,0,4,6,5984
s5_g14,2,3,0,1,1972
s5_g14,2,0,0,0,6632
s5_g23,5,1,13,14,7006
s5_g23,5,0,13,15,5466
s5_g14,3,3,10,10,4992
s5_g14,3,0,10,11,4630
s5_g23,6,1,11,11,4776
s5_g23,6,0,11,15,7511
s5_g14,4,0,14,14,2000
s5_g14,4,3,14,15,3990
s5_g23,7,1,12,12,1703
s5_g23,7,0,12,14,2531
s5_g14,5,3,12,12,3012
s5_g14,5,0,12,13,3054
s5_g23,8,0,2,3,5959
s5_g23,8,1,2,6,7974
s5_g14,6,0,6,6,6248
s5_g14,6,3,6,7,4982
s5_g23,9,1,12,14,1632
s5_g23,9,0,12,15,4393
s5_g14,7,0,16,17,2174
s5_g14,7,3,16,16,4992
s5_g23,10,0,23,23,2216
s5_g23,10,1,23,22,3367
s5_g14,8,3,21,22,1333
s5_g14,8,0,21,21,2496
s5_g23,11,1,23,1,3560
s5_g14,9,3,19,19,4992
s5_g14,9,0,19,20,2531
s5_g23,11,0,23,0,6478
s5_g14,10,0,3,3,2015
s5_g14,10,3,3,4,2990
s5_g23,12,0,3,5,3360
s5_g23,12,1,3,3,5081
s5_g14,11,3,20,20,3389
s5_g14,11,0,20,21,4101
s5_g23,13,0,12,13,1326
s5_g23,13,1,12,15,4024
s5_g14,12,0,12,12,3488
s5_g14,12,3,12,13,2979
s5_g23,14,0,9,11,2504
s5_g23,14,1,9,12,3645
s5_g14,13,0,22,23,3104
s5_g14,13,3,22,0,5000
s5_g23,15,0,7,10,2712
s5_g23,15,1,7,5,3528
s5_g23,16,0,1,23,1664
s5_g14,14,3,8,9,3892
s5_g23,16,1,1,8,5005
s5_g23,17,0,16,17,1918
s5_g14,14,0,8,11,25407
s5_g14,15,3,22,3,2010
s5_g23,17,1,16,0,12271
s5_g23,18,0,11,9,4215
s5_g23,18,1,11,15,8784
s5_g14,15,0,22,23,14009
s5_g23,19,1,15,15,3567
s5_g23,19,0,15,17,3207
s5_g14,16,3,6,7,3986
s5_g14,16,0,6,8,6455
s5_g23,20,0,2,2,1303
s5_g23,20,1,2,4,2990
s5_g14,17,3,23,9,2002
s5_g14,17,0,23,0,4376
s5_g14,18,0,13,13,2432
s5_g14,18,3,13,14,2976
s5_g14,19,0,1,2,2713
s5_g14,19,3,1,3,4992
s5_g14,20,3,18,3,2976
s5_g14,20,0,18,21,5464
s6_g34,1,3,23,23,2751
s6_g34,1,0,23,2,4084
s6_g12,1,1,6,10,5674
s6_g34,2,0,11,13,1352
s6_g34,2,3,11,14,3831
s6_g34,3,3,23,3,3184
s6_g34,3,0,23,3,4263
s6_g34,4,0,21,22,1063
s6_g34,4,3,21,4,2289
s6_g12,1,0,6,9,9130
s6_g34,5,3,23,2,3346
s6_g34,5,0,23,0,6515
s6_g12,2,0,13,13,4032
s6_g12,2,1,13,17,8384
s6_g34,6,3,23,0,3589
s6_g34,6,0,23,5,7480
s6_g34,7,3,2,22,4377
s6_g12,3,0,0,3,12597
s6_g12,3,1,0,21,13679
s6_g34,7,0,2,5,15006
s6_g34,8,3,17,20,3212
s6_g12,4,1,9,12,8399
s6_g34,8,0,17,12,6872
s6_g34,9,3,4,11,1466
s6_g12,4,0,9,13,19711
s6_g34,9,0,4,7,8024
s6_g12,5,1,6,11,7823
s6_g12,5,0,6,7,9403
s6_g34,10,3,0,3,3527
s6_g34,10,0,0,2,8320
s6_g34,11,3,7,11,1869
s6_g12,6,0,1,1,4535
s6_g12,6,1,1,4,8926
s6_g34,11,0,7,14,5781
s6_g34,12,3,21,4,2880
s6_g12,7,1,4,6,6496
s6_g34,12,0,21,5,12415
s6_g12,7,0,4,9,12360
s6_g34,13,3,7,1,4272
s6_g34,13,0,7,16,7507
s6_g12,8,0,19,21,14816
s6_g34,14,3,19,4,1119
s6_g34,14,0,19,9,7063
s6_g12,8,1,19,0,21070
s6_g34,15,3,8,20,3044
s6_g34,15,0,8,15,3362
s6_g12,9,1,6,10,9388
s6_g34,16,3,9,16,1907
s6_g34,16,0,9,15,4048
s6_g12,9,0,6,9,22545
s6_g34,17,3,10,18,4480
s6_g34,17,0,10,21,10756
s6_g12,10,0,3,3,1935
s6_g12,10,1,3,9,4794
s6_g34,18,3,0,11,1982
s6_g34,18,0,0,12,3903
s6_g34,19,3,13,3,1585
s6_g12,11,0,3,6,5696
s6_g34,19,0,13,2,6703
s6_g12,11,1,3,11,12559
s6_g34,20,3,0,13,3767
s6_g34,20,0,0,14,6519
s6_g24,1,3,0,0,3504
s6_g12,12,1,13,14,8195
s6_g12,12,0,13,17,12263
s6_g12,13,1,6,11,4850
s6_g12,13,0,6,7,11413
s6_g12,14,0,21,23,4711
s6_g12,14,1,21,22,5847
s6_g12,15,1,0,4,5702
s6_g12,15,0,0,5,20259
s6_g12,16,1,18,21,6857
s6_g12,16,0,18,0,17959
s6_g12,17,0,6,9,6785
s6_g12,17,1,6,6,8376
s6_g12,18,0,4,4,4495
s6_g12,18,1,4,7,4448
s6_g12,19,1,6,9,1944
s6_g12,19,0,6,11,8092
s6_g12,20,0,15,17,9767
s6_g12,20,1,15,18,15698
s6_g24,1,0,0,1,3554
s6_g24,2,0,0,0,1887
s6_g24,2,3,0,1,3897
s6_g24,3,3,1,3,3257
s6_g24,3,0,1,2,4681
s6_g24,4,3,0,1,4795
s6_g24,4,0,0,0,7888
s6_g24,5,3,5,7,1487
s6_g24,5,0,5,7,1923
s6_g24,6,3,6,7,3186
s6_g24,6,0,6,10,6576
s6_g24,7,3,5,11,4405
s6_g24,7,0,5,10,21261
s6_g24,8,3,6,11,1717
s6_g24,8,0,6,13,4104
s6_g24,9,3,5,14,4583
s6_g24,9,0,5,12,16875
s6_g24,10,0,6,6,2911
s6_g24,10,3,6,13,2390
s6_g24,11,0,5,8,2381
s6_g24,11,3,5,7,4691
s6_g24,12,0,6,6,2879
s6_g24,12,3,6,9,1868
s6_g13,1,1,11,15,7415
s6_g13,1,0,11,16,7401
s6_g24,13,3,5,5,3787
s6_g24,13,0,5,6,3111
s6_g24,14,0,6,6,3544
s6_g13,2,0,18,2,6448
s6_g24,14,3,6,7,4901
s6_g24,15,3,7,7,2343
s6_g13,2,1,18,23,17705
s6_g24,15,0,7,10,2847
s6_g24,16,3,6,7,2339
s6_g24,16,0,6,8,4504
s6_g24,17,3,8,12,3230
s6_g13,3,0,5,6,5066
s6_g13,3,1,5,5,15031
s6_g24,17,0,8,9,6323
s6_g24,18,3,6,7,3365
s6_g13,4,0,0,4,6319
s6_g24,18,0,6,10,16255
s6_g24,19,0,8,9,1793
s6_g24,19,3,8,14,3970
s6_g13,4,1,0,5,21102
s6_g24,20,3,6,7,1333
s6_g24,20,0,6,6,3543
s6_g14,1,3,0,0,4081
s6_g13,5,0,16,21,6124
s6_g13,5,1,16,20,17231
s6_g13,6,0,0,0,5992
s6_g13,6,1,0,1,11215
s6_g13,7,0,9,12,6800
s6_g13,7,1,9,15,14072
s6_g13,8,0,0,4,7688
s6_g13,8,1,0,3,7735
s6_g13,9,0,17,18,4485
s6_g13,9,1,17,23,18407
s6_g13,10,0,0,2,6271
s6_g13,10,1,0,3,34494
s6_g13,11,1,12,14,5768
s6_g13,11,0,12,21,6914
s6_g13,12,0,0,6,10320
s6_g13,12,1,0,1,11424
s6_g13,13,0,21,0,7199
s6_g13,13,1,21,23,23096
s6_g13,14,0,0,6,36464
s6_g13,14,1,0,5,35783
s6_g13,15,1,8,8,2519
s6_g13,15,0,8,13,8780
s6_g13,16,0,0,8,13623
s6_g13,16,1,0,3,18986
s6_g13,17,1,20,2,6831
s6_g13,17,0,20,23,8201
s6_g13,18,0,0,4,11992
s6_g13,18,1,0,7,13269
s6_g13,19,0,13,16,7838
s6_g13,19,1,13,17,8696
s6_g13,20,1,0,5,7765
s6_g13,20,0,0,2,15566
s6_g23,1,0,0,23,7405
s6_g23,1,1,0,6,10358
s6_g23,2,0,6,10,5536
s6_g23,2,1,6,9,16220
s6_g23,3,1,0,2,929
s6_g23,3,0,0,19,12350
s6_g23,4,0,6,6,1543
s6_g23,4,1,6,7,18223
s6_g14,1,0,0,5,9680
s6_g23,5,1,0,6,9182
s6_g23,5,0,0,17,11900
s6_g14,2,0,13,15,2680
s6_g14,2,3,13,18,4453
s6_g14,3,3,4,8,2102
s6_g23,6,0,6,10,7320
s6_g14,3,0,4,7,9734
s6_g23,6,1,6,13,18788
s6_g14,4,3,22,8,3896
s6_g14,4,0,22,4,6887
s6_g23,7,0,0,9,3428
s6_g23,7,1,0,4,6824
s6_g14,5,3,8,4,3329
s6_g14,5,0,8,13,10768
s6_g23,8,0,6,14,8255
s6_g23,8,1,6,9,11216
s6_g14,6,0,2,2,2599
s6_g14,6,3,2,7,4477
s6_g14,7,3,10,12,4498
s6_g23,9,1,0,2,3704
s6_g23,9,0,0,23,2912
s6_g14,7,0,10,13,9619
s6_g14,8,3,18,21,1071
s6_g23,10,1,6,13,8223
s6_g23,10,0,6,8,10232
s6_g14,8,0,18,0,16520
s6_g14,9,3,12,8,2546
s6_g23,11,0,0,5,7601
s6_g14,9,0,12,15,6382
s6_g23,11,1,0,2,18526
s6_g14,10,3,4,7,1245
s6_g23,12,0,6,6,3391
s6_g14,10,0,4,6,7775
s6_g23,12,1,6,11,8368
s6_g14,11,3,12,16,3195
s6_g23,13,1,0,0,4223
s6_g14,11,0,12,17,20086
s6_g23,13,0,0,4,14241
s6_g14,12,0,8,14,5968
s6_g14,12,3,8,13,4992
s6_g23,14,0,6,6,7231
s6_g14,13,3,16,0,2005
s6_g23,14,1,6,9,6678
s6_g14,13,0,16,17,8578
s6_g14,14,0,3,5,3839
s6_g14,14,3,3,4,2986
s6_g23,15,1,0,6,7583
s6_g23,15,0,0,6,16657
s6_g14,15,3,19,19,4998
s6_g14,15,0,19,1,8171
s6_g14,16,0,12,14,3392
s6_g23,16,1,6,9,5414
s6_g14,16,3,12,8,4991
s6_g23,16,0,6,6,9639
s6_g14,17,3,20,0,1992
s6_g14,17,0,20,23,7327
s6_g23,17,0,0,8,9691
s6_g14,18,3,6,9,4979
s6_g14,18,0,6,6,6632
s6_g23,17,1,0,0,26368
s6_g23,18,0,6,8,1471
s6_g14,19,3,23,7,3010
s6_g23,18,1,6,7,598
s6_g14,19,0,23,4,9651
s6_g23,19,0,0,3,2325
s6_g14,20,3,16,21,4579
s6_g14,20,0,16,1,11552
s6_g23,19,1,0,2,13839
s6_g23,20,1,6,7,2101
s6_g23,20,0,6,6,13232
s7_g34,1,3,6,6,1046
s7_g12,1,1,21,23,3638
s7_g12,1,0,21,0,4166
s7_g34,1,0,6,9,6024
s7_g12,2,0,0,0,2096
s7_g34,2,3,6,9,3302
s7_g34,2,0,6,8,6888
s7_g12,2,1,0,3,10148
s7_g34,3,3,9,13,3691
s7_g34,3,0,9,10,6984
s7_g12,3,0,8,11,6214
s7_g12,3,1,8,12,8497
s7_g12,4,0,9,8,5607
s7_g34,4,3,2,3,2728
s7_g12,4,1,9,11,5333
s7_g34,4,0,2,6,9719
s7_g12,5,1,10,13,4216
s7_g34,5,3,12,12,3998
s7_g12,5,0,10,16,6592
s7_g34,5,0,12,15,9981
s7_g12,6,1,0,1,4724
s7_g34,6,3,20,23,3048
s7_g34,6,0,20,22,6966
s7_g12,6,0,0,4,16312
s7_g34,7,3,14,18,3191
s7_g12,7,0,9,14,6533
s7_g12,7,1,9,12,8648
s7_g34,7,0,14,17,13324
s7_g12,8,1,7,7,3797
s7_g12,8,0,7,11,9519
s7_g34,8,3,0,3,3983
s7_g34,8,0,0,2,5103
s7_g12,9,0,11,14,7590
s7_g34,9,3,15,19,2791
s7_g12,9,1,11,14,10039
s7_g34,9,0,15,19,9008
s7_g12,10,0,8,10,3536
s7_g12,10,1,8,10,4436
s7_g34,10,3,23,3,4026
s7_g12,11,0,9,13,3247
s7_g12,11,1,9,12,5114
s7_g34,10,0,23,23,10774
s7_g12,12,1,9,11,2472
s7_g12,12,0,9,13,2824
s7_g34,11,3,19,21,1672
s7_g34,11,0,19,20,9576
s7_g12,13,1,8,13,9873
s7_g12,13,0,8,12,10915
s7_g12,14,0,12,11,3128
s7_g34,12,0,23,23,3233
s7_g34,12,3,23,0,2869
s7_g12,14,1,12,15,6512
s7_g34,13,3,22,22,1695
s7_g12,15,0,10,8,1181
s7_g34,13,0,22,1,10198
s7_g12,15,1,10,12,9052
s7_g34,14,3,0,23,1201
s7_g34,14,0,0,0,4592
s7_g12,16,1,14,15,4808
s7_g12,16,0,14,11,9832
s7_g34,15,3,2,4,2440
s7_g12,17,1,11,14,3312
s7_g34,15,0,2,5,9542
s7_g12,17,0,11,14,7445
s7_g34,16,3,6,9,1981
s7_g12,18,1,0,0,3530
s7_g34,16,0,6,8,9151
s7_g12,18,0,0,23,9575
s7_g34,17,3,2,6,3366
s7_g12,19,1,8,11,4202
s7_g34,17,0,2,5,9518
s7_g12,19,0,8,10,2902
s7_g12,20,1,10,10,70
s7_g12,20,0,10,14,5048
s7_g34,18,3,6,9,1688
s7_g34,18,0,6,11,11999
s7_g34,19,3,5,12,2860
s7_g34,19,0,5,10,15650
s7_g34,20,3,18,23,4214
s7_g34,20,0,18,18,11432
s7_g24,1,3,17,17,3521
s7_g13,1,1,10,14,3768
s7_g13,1,0,10,11,6031
s7_g13,2,1,6,10,8326
s7_g13,2,0,6,11,36591
s7_g13,3,1,7,12,18079
s7_g13,3,0,7,12,19790
s7_g24,1,0,17,19,9081
s7_g24,2,0,19,22,3287
s7_g24,2,3,19,21,2267
s7_g13,4,1,6,7,1455
s7_g24,3,3,21,2,1323
s7_g24,3,0,21,23,2474
s7_g13,4,0,6,12,12895
s7_g13,5,1,7,9,1599
s7_g24,4,0,1,4,3629
s7_g24,4,3,1,3,3878
s7_g24,5,3,23,5,3642
s7_g13,5,0,7,10,13978
s7_g24,5,0,23,1,5068
s7_g13,6,0,6,12,3096
s7_g24,6,0,9,13,3711
s7_g24,6,3,9,11,2977
s7_g13,6,1,6,13,9177
s7_g24,7,0,1,7,1896
s7_g13,7,1,7,7,752
s7_g24,7,3,1,7,5012
s7_g13,7,0,7,8,10892
s7_g24,8,0,6,8,4816
s7_g24,8,3,6,12,3971
s7_g13,8,1,6,9,3167
s7_g24,9,3,5,9,1915
s7_g24,9,0,5,2,5277
s7_g13,8,0,6,16,19472
s7_g24,10,0,8,13,5231
s7_g24,10,3,8,13,3983
s7_g13,9,1,6,10,4799
s7_g13,9,0,6,17,7357
s7_g24,11,3,7,14,3004
s7_g24,11,0,7,8,4000
s7_g13,10,0,6,7,3343
s7_g13,10,1,6,14,16366
s7_g24,12,0,7,16,1512
s7_g13,11,0,0,5,12136
s7_g24,12,3,7,8,4940
s7_g13,11,1,0,6,19928
s7_g24,13,3,11,11,1190
s7_g24,13,0,11,8,3713
s7_g13,12,0,6,0,1568
s7_g13,12,1,6,9,3359
s7_g24,14,3,7,12,4203
s7_g24,14,0,7,18,14807
s7_g13,13,1,0,7,12584
s7_g13,13,0,0,7,14402
s7_g24,15,3,13,2,4527
s7_g24,15,0,13,16,4254
s7_g24,16,3,5,8,2072
s7_g24,16,0,5,16,3944
s7_g13,14,0,6,18,4656
s7_g24,17,3,13,2,3357
s7_g13,14,1,6,7,6281
s7_g24,17,0,13,1,2965
s7_g13,15,0,6,12,19054
s7_g13,15,1,6,13,20784
s7_g24,18,3,9,23,2007
s7_g24,18,0,9,18,3999
s7_g24,19,3,17,4,2745
s7_g24,19,0,17,6,2321
s7_g13,16,1,6,7,4010
s7_g13,16,0,6,14,11936
s7_g24,20,0,10,14,3759
s7_g24,20,3,10,23,4835
s7_g14,1,3,10,10,1035
s7_g13,17,0,6,20,4292
s7_g13,17,1,6,12,8048
s7_g13,18,1,6,14,5392
s7_g13,18,0,6,14,6903
s7_g13,19,0,20,22,3563
s7_g13,19,1,20,3,11575
s7_g13,20,1,18,0,3780
s7_g13,20,0,18,8,5311
s7_g14,1,0,10,11,4728
s7_g14,2,0,7,9,2072
s7_g14,2,3,7,8,3113
s7_g14,3,3,11,15,2272
s7_g14,3,0,11,17,13324
s7_g14,4,0,7,7,4449
s7_g14,4,3,7,13,4087
s7_g14,5,3,15,15,1891
s7_g23,1,1,6,8,6230
s7_g14,5,0,15,22,10840
s7_g14,6,0,0,2,3071
s7_g23,1,0,6,8,2879
s7_g14,6,3,0,7,4047
s7_g14,7,3,15,19,2271
s7_g23,2,0,9,12,4472
s7_g14,7,0,15,20,5125
s7_g14,8,0,6,6,1400
s7_g23,2,1,9,13,7894
s7_g14,8,3,6,11,3446
s7_g14,9,3,16,18,4731
s7_g14,9,0,16,19,4705
s7_g23,3,1,0,5,4417
s7_g23,3,0,0,5,8031
s7_g14,10,0,6,6,1600
s7_g14,10,3,6,9,3108
s7_g14,11,3,17,19,3696
s7_g14,11,0,17,18,2285
s7_g23,4,0,5,12,7725
s7_g14,12,3,5,6,3605
s7_g14,12,0,5,9,6224
s7_g23,4,1,5,10,13161
s7_g14,13,3,20,20,1774
s7_g14,13,0,20,3,7238
s7_g23,5,1,11,10,3951
s7_g23,5,0,11,17,8648
s7_g14,14,0,12,12,2960
s7_g14,14,3,12,7,4251
s7_g14,15,3,0,0,2048
s7_g23,6,0,8,16,6999
s7_g14,15,0,0,5,6820
s7_g14,16,0,8,10,1871
s7_g14,16,3,8,13,2865
s7_g14,17,3,1,5,1650
s7_g14,17,0,1,2,3215
s7_g23,6,1,8,8,5122
s7_g14,18,0,7,9,3192
s7_g14,18,3,7,8,3865
s7_g23,7,0,11,12,2521
s7_g14,19,3,1,1,4239
s7_g14,19,0,1,6,8787
s7_g23,7,1,11,20,9511
s7_g14,20,0,5,7,2096
s7_g14,20,3,5,10,1671
s7_g23,8,0,7,16,2305
s7_g23,8,1,7,17,21637
s7_g23,9,0,0,4,1903
s7_g23,9,1,0,23,5872
s7_g23,10,0,10,20,11264
s7_g23,10,1,10,11,7814
s7_g23,11,0,6,8,4861
s7_g23,11,1,6,21,10567
s7_g23,12,1,7,9,2342
s7_g23,12,0,7,6,6375
s7_g23,13,1,6,7,3014
s7_g23,13,0,6,11,4698
s7_g23,14,0,4,14,3160
s7_g23,14,1,4,6,13853
s7_g23,15,0,6,9,2978
s7_g23,15,1,6,5,4720
s7_g23,16,0,8,11,2110
s7_g23,16,1,8,8,6176
s7_g23,17,1,6,7,2711
s7_g23,17,0,6,8,2525
s7_g23,18,0,8,10,1152
s7_g23,18,1,8,13,12239
s7_g23,19,0,0,1,4233
s7_g23,19,1,0,6,23151
s7_g23,20,0,8,10,3688
s7_g23,20,1,8,10,4051
